{"cameraMode":{"drawMode":0,"name":"Shaded","section":"Shading Mode"},"sceneLighting":true,"audioPlay":false,"sceneViewState":{"m_AlwaysRefresh":false,"showFog":true,"showSkybox":true,"showFlares":true,"showImageEffects":true,"showParticleSystems":true,"showVisualEffectGraphs":true,"m_FxEnabled":true},"in2DMode":false,"pivot":{"x":477.1726379394531,"y":556.9984741210938,"z":161.9022674560547},"rotation":{"x":-0.008688532747328282,"y":-0.022187938913702966,"z":-0.0002122245350619778,"w":0.9997333884239197},"size":813.1161499023438,"orthographic":false}